Date,Number of Trips <1,Number of Trips 1-5,Number of Trips 5-25,Number of Trips 25-100,Number of Trips 100-250,Number of Trips >=250
2019-01-08,724994918,1027081088,739719092,168354463,22576469,10602241
2019-01-09,873821053,1271765537,1017141583,221662284,23450868,10480393
2019-01-10,889115519,1292523251,1043399200,227994794,24373344,10815349
2019-01-11,879469995,1322671418,1072398482,234229881,26061661,10995586
2019-01-12,886366822,1358111181,1038533821,222615384,25471995,10289280
2019-01-13,805597752,1266739724,921959616,193049671,24482641,9962734
2019-01-14,904765574,1272415819,1005065948,219454450,22753761,9731405
2019-01-15,898611716,1266179365,1007362578,220010778,22413907,9872781
2019-01-16,873200106,1270263803,1010441132,219547972,23126930,10266298
2019-01-17,892658776,1292830514,1038493240,225670083,23820524,10487918
2019-01-18,885811922,1328838396,1071293111,232461562,25546381,10670102
2019-01-19,890128077,1364719435,1037600517,221013742,25054757,10023635
2019-01-20,811516981,1275588628,923243254,191701171,24141248,9762113
2019-01-21,894940952,1276703409,1010290937,220447675,23104287,9938083
2019-01-22,896019102,1268700581,1010097873,220123026,22386282,9878067
2019-01-23,874675026,1270503496,1016692594,221679941,23366685,10457830
2019-01-24,891178374,1290773832,1041286263,227861777,24331637,10805519
2019-01-25,881035422,1323575805,1071515540,233841555,26003959,11001364
2019-01-26,887998565,1359277181,1038415538,222399027,25390804,10275230
2019-01-27,806943048,1268247445,922549139,193405609,24614153,10077846
2019-01-28,847487489,1271031988,976734825,216303648,24499163,10180846
2019-01-29,889568619,1267380073,1010967666,220793594,22897283,10167910
2019-01-30,873613352,1274490073,1024288179,223735152,23872866,10721051
2019-01-31,883544336,1293968104,1050420719,230414728,24966655,11153427
2019-02-01,871536738,1315583847,1074401399,236362493,26639326,11313956
2019-02-02,880935432,1350276200,1039593819,224396660,25968627,10566477
2019-02-03,798338565,1256371149,920105967,194052040,24689813,10047738
2019-02-04,914586244,1268123638,999858838,218458094,22402362,9524335
2019-02-05,910261791,1262472574,1001079811,219116832,21952891,9573504
2019-02-06,871306471,1265809074,990374144,213243446,22136582,9621606
2019-02-07,903228084,1293765421,1023801301,218734020,22164282,9504561
2019-02-08,908259413,1352435255,1071960181,228018855,24074195,9734505
2019-02-09,904769239,1389821392,1038768647,217064013,23909801,9265055
2019-02-10,832399707,1307100860,930564830,188343341,23201802,9199856
2019-02-11,878586300,1290136253,1024567741,223295066,23902610,10391903
2019-02-12,891574591,1281053231,1022078656,221279513,22396314,9930065
2019-02-13,882388314,1275973859,1039287841,228944913,24175024,11072269
2019-02-14,890087622,1289421110,1053563481,235308546,25966531,11803171
2019-02-15,869962990,1312714869,1076200204,238864737,27478047,12038761
2019-02-16,885060608,1348122632,1044722246,227418000,26482324,11070227
2019-02-17,796197439,1250870724,923963901,199299419,26134995,11062864
2019-02-18,864193868,1247384292,1014191202,228158760,25536489,11748203
2019-02-19,873482041,1268181875,1017371015,223682231,24520675,11077674
2019-02-20,873732895,1291372996,1051064380,230739512,25492844,11553405
2019-02-21,863904350,1308465069,1081930596,239041368,26951692,12241760
2019-02-22,846250202,1296453342,1087205454,244911595,28676998,12297809
2019-02-23,862935223,1328158902,1047017484,231284817,27812638,11486311
2019-02-24,775438282,1225333208,916177089,196710299,25009701,9994404
2019-02-25,812066986,1231473362,988064452,219881013,24396390,10301367
2019-02-26,885920912,1272539720,1017117579,222276098,23396424,10452373
2019-02-27,876898175,1282818772,1038276024,227562870,24533833,11096749
2019-02-28,879562401,1300302116,1063746269,234745141,25897683,11677154
2019-03-01,863978087,1310660811,1081042744,240234724,27556843,11816573
2019-03-02,877036753,1344531011,1044961117,227770054,26751540,11002229
2019-03-03,791370517,1246715843,921084553,196343835,25128522,10247082
2019-03-04,856307022,1248670225,1025287422,230416641,25550798,11791963
2019-03-05,860332900,1252572227,1024460459,226781752,24189058,11036842
2019-03-06,885821120,1329132113,1076017818,226972085,21727594,9632766
2019-03-07,873861121,1335177560,1092232586,232084707,22664858,9954434
2019-03-08,860061816,1306615349,1081483615,241340176,27902778,12050550
2019-03-09,875014423,1340266448,1045572718,228823360,27016700,11186232
2019-03-10,787673184,1240963580,920411920,197457065,25427154,10433793
2019-03-11,860236302,1248015113,1019741400,229281943,25544053,11769611
2019-03-12,873253124,1264439339,1019642586,224230376,24017320,10854748
2019-03-13,878826707,1301113961,1055123416,228421654,23928391,10758902
2019-03-14,872452830,1314664364,1079306768,235286850,25176214,11291930
2019-03-15,916304700,1411737661,1173555143,259033519,28911232,12261880
2019-03-16,930520083,1442484605,1130153826,245423771,28079646,11432576
2019-03-17,842893785,1342797695,999769828,211840245,26348517,10527417
2019-03-18,948306203,1415731532,1165853525,256752176,26786855,12268182
2019-03-19,931172802,1370250217,1118736690,243590366,24774076,11192836
2019-03-20,947128481,1430287195,1162884326,245116810,23265774,10332046
2019-03-21,943619559,1443092240,1184243046,251265419,24305523,10677843
2019-03-22,981579816,1539944814,1276512156,274192735,28366147,11745093
2019-03-23,990791799,1564316332,1224855692,260436695,27585103,10947981
2019-03-24,903500120,1455191216,1084430482,227079051,27403896,10844286
2019-03-25,975125132,1473759953,1218033474,265911079,26885729,12299932
2019-03-26,979367773,1476037716,1224348692,264201382,25657325,11655207
2019-03-27,1013764577,1572811702,1285322868,262851612,22182970,9686378
2019-03-28,1008184099,1583925299,1304603109,268374832,22967654,9822267
2019-03-29,1037654195,1669862435,1388191620,290248457,27433705,10975199
2019-03-30,1041599074,1683806062,1324638583,276098941,26718819,10240646
2019-03-31,956122913,1562359623,1170816442,242444482,28139338,10887453
2019-04-01,1032300963,1562098705,1305148101,287124118,29328276,13613957
2019-04-02,1026004511,1558689985,1311402504,285696941,28166159,12987715
2019-04-03,1091207781,1715321236,1401627097,280421231,21603360,9252575
2019-04-04,1072594235,1717167647,1413867217,284606288,22133953,9215308
2019-04-05,1017980829,1674848812,1398818213,286971481,25094791,9718935
2019-04-06,1020056453,1678763932,1329197756,273319834,24464008,9067816
2019-04-07,945032427,1572158826,1186549954,242516201,26769296,10063675
2019-04-08,1040256768,1582800918,1306376595,283038750,28014564,12744619
2019-04-09,1047185204,1585653081,1314588025,281681762,26730567,12090051
2019-04-10,1078597735,1678931256,1374313823,280744537,23502106,10269086
2019-04-11,1077359425,1693709541,1396707718,286872702,24356737,10401723
2019-04-12,1042017008,1681095840,1396025943,290352323,27032846,10745205
2019-04-13,1043695446,1693527599,1331113971,276246771,26328632,10030037
2019-04-14,957139629,1562486111,1170100623,242357757,28210277,10942001
2019-04-15,1028676365,1589844453,1322340596,284145346,27084484,12361560
2019-04-16,1030487699,1589900180,1333968174,284067996,26036396,11838064
2019-04-17,1076829697,1710330451,1405695535,280837146,21271185,9154120
2019-04-18,1073343528,1722776590,1424931864,286165775,21891313,9109137
2019-04-19,1032232813,1700321382,1416243689,288482275,24777470,9506193
2019-04-20,1029456101,1703026581,1344412014,274737489,24147738,8881077
2019-04-21,949210181,1568204889,1180402577,242414834,27297301,10383918
2019-04-22,1028943233,1615194466,1334195237,280823155,25141834,11237779
2019-04-23,1040533728,1619696547,1350061637,281577539,24151592,10772466
2019-04-24,1063093048,1694902761,1399235833,281210131,21712046,9428805
2019-04-25,1075436684,1718698114,1426557486,287884072,22474704,9434575
2019-04-26,1049712631,1719563069,1426852962,290476294,25220073,9705237
2019-04-27,1043672074,1724202937,1355084528,276685799,24570275,9078105
2019-04-28,956097353,1562397155,1170856027,242411428,28134008,10885945
2019-04-29,1032675253,1595961426,1320986064,282708755,26751986,12115264
2019-04-30,1039427381,1598402841,1332893661,282484575,25647455,11567780
2019-05-01,1072904895,1694701245,1393106392,280961935,22174211,9617711
2019-05-02,1075394815,1711748196,1416104647,287018498,22911143,9647875
2019-05-03,1041422302,1700350456,1413089675,289829074,25686457,9986381
2019-05-04,1038988846,1706948348,1343594818,275878583,25017100,9330938
2019-05-05,954220248,1564361753,1173796082,242475121,27890749,10738798
2019-05-06,1030152797,1600341409,1325870033,282602193,26336231,11904804
2019-05-07,1036886800,1602675304,1338996001,282758056,25284767,11393366
2019-05-08,1070973767,1700003563,1399369301,281052932,21728834,9400817
2019-05-09,1074727066,1717738320,1422554259,287040696,22426265,9397976
2019-05-10,1041201908,1706762569,1418750500,289635461,25229137,9733494
2019-05-11,1037445315,1711367264,1347756875,275835843,24589335,9096801
2019-05-12,953203710,1564968805,1175032263,242468320,27763516,10670813
2019-05-13,952489568,1591454512,1284722245,240489209,17194317,12934507
2019-05-14,1004993530,1653096950,1334045977,247381870,16561131,12824494
2019-05-15,986934934,1633556637,1332165811,248030773,17042473,13660477
2019-05-16,1028982776,1681824172,1358480847,254124591,17834828,12780459
2019-05-17,958018952,1664578785,1366979349,260499840,20603768,12994963
2019-05-18,972337039,1662022696,1292745882,247756066,20338365,13200476
2019-05-19,813394974,1456205091,1141684855,224630713,22018608,15480380
2019-05-20,907165656,1531800162,1249403100,236725598,17995149,15068250
2019-05-21,991963425,1612255544,1320982726,243538980,16955333,14483452
2019-05-22,1007436704,1620738160,1339993106,249679413,17819806,15336008
2019-05-23,961734303,1590669893,1338618998,252134478,18916826,15786940
2019-05-24,1025060409,1678239652,1394152884,263688997,21625376,15915515
2019-05-25,1018590698,1661570485,1322759556,251236088,20803530,15018093
2019-05-26,882895574,1504788400,1152440409,218777547,23004229,15805719
2019-05-27,953505354,1576600861,1303691400,244230282,18004088,15722453
2019-05-28,1010624587,1642711492,1351394672,248213703,17011433,15318527
2019-05-29,1023814923,1658721662,1370385660,253676803,17604746,14543815
2019-05-30,941510866,1585110531,1327633114,252597233,19231797,14464597
2019-05-31,996600558,1667326835,1386421835,267923639,24428871,15511143
2019-06-01,1044361820,1698042445,1332981660,254268577,23248026,15380456
2019-06-02,1009170340,1640520201,1253813382,238612703,22782453,15273409
2019-06-03,888349719,1509984698,1113271597,221341645,24836654,15433729
2019-06-04,1055090891,1703769160,1378150678,258378274,18590963,13512673
2019-06-05,1061194652,1708448101,1402116569,261221120,17828919,13580579
2019-06-06,1022350556,1678611603,1394183245,263711343,18605045,13708050
2019-06-07,1098575858,1793133500,1474836781,277920038,22144267,13727131
2019-06-08,1073439813,1749346793,1347758682,258066209,21464922,13773880
2019-06-09,974261983,1615581589,1216966928,231762269,23717951,15034275
2019-06-10,1096791470,1758741590,1408137789,261960780,18894335,13672770
2019-06-11,1033065044,1663712343,1369579150,259719990,17684522,13055613
2019-06-12,969215468,1594679842,1341595331,259722775,17875896,13365701
2019-06-13,1079319642,1718515648,1427916106,271275998,19308531,14063129
2019-06-14,1133481042,1783555712,1471238814,281582906,22885878,14323546
2019-06-15,1122671240,1785362363,1393552204,268257683,21766967,13214390
2019-06-16,931192931,1578927115,1194665151,232819029,24927193,15188015
2019-06-17,958231537,1617368387,1321879555,258650149,19416351,13196488
2019-06-18,988082650,1634502572,1367161565,260136217,17741631,13190800
2019-06-19,975231307,1598778344,1358427832,264121773,18614412,13478122
2019-06-20,992537305,1610474449,1368182919,267308052,19500532,13307817
2019-06-21,1041157881,1685947477,1433013002,283140853,22900992,13089180
2019-06-22,1062513175,1723266010,1370334713,272638531,21802460,11599444
2019-06-23,863293541,1459194691,1145245955,237453190,24330879,13427235
2019-06-24,957451766,1560829897,1301813446,258410801,19166975,12913193
2019-06-25,938086107,1566237968,1326244994,260093071,17600187,11888901
2019-06-26,1004409137,1643465494,1354213925,264609253,17745495,10549872
2019-06-27,951152240,1598123154,1331895011,265805455,19071816,10941153
2019-06-28,1009103243,1683370994,1387422248,277087554,22009957,11108981
2019-06-29,1077179039,1745678679,1345023462,267211963,21950323,11101438
2019-06-30,905639008,1518549063,1179808398,238047839,25404937,15650974
2019-07-01,964459628,1587394216,1326925511,261066194,19913534,14162899
2019-07-02,926488112,1555861224,1342209527,263871519,19153337,13942038
2019-07-03,952594576,1565820545,1353589293,267198541,19569800,13236855
2019-07-04,939208039,1545386804,1358795778,272822068,20826350,13361663
2019-07-05,1006192185,1634452276,1407055120,280250497,23394027,14097048
2019-07-06,1028132437,1670012024,1351725221,270866679,23172513,14112929
2019-07-07,905096290,1517846290,1187844942,240196507,26039472,16139866
2019-07-08,950401419,1568713847,1327551298,261722951,20200745,14549305
2019-07-09,921223766,1550892782,1342251609,264010463,19471294,14503700
2019-07-10,944432013,1559612838,1358720941,268079700,19931123,13577786
2019-07-11,801219398,1378650904,1148125167,240933515,23540401,14242228
2019-07-12,1018412396,1650975186,1432857132,284067699,23393094,14005354
2019-07-13,1030359569,1677178733,1373236270,274295747,23151161,14147749
2019-07-14,908611471,1552422460,1224015770,244504631,26379343,16216308
2019-07-15,954404098,1584185259,1360725730,264211553,20055238,15299478
2019-07-16,964289249,1601403595,1379526801,263980245,18403013,14440765
2019-07-17,967293247,1603696982,1391471001,267668854,18979057,14033680
2019-07-18,989556458,1635269497,1420829638,274152268,19669284,13751900
2019-07-19,1024505982,1695549957,1462721646,284983462,22889042,13861324
2019-07-20,1039546015,1720522693,1402179576,275524104,22654920,13868694
2019-07-21,897063080,1566179061,1242686772,242744239,25840085,16813489
2019-07-22,957630997,1604744775,1375431729,261796778,19447242,15904031
2019-07-23,972311768,1629300548,1395365032,262281298,17880343,14849357
2019-07-24,1015747320,1684719513,1435685766,270681726,17750058,12862895
2019-07-25,980069369,1649027835,1425791669,267771831,19055045,16176364
2019-07-26,1038480531,1731111060,1487231829,286974800,22666119,13886330
2019-07-27,1057156207,1754131247,1425355652,277577045,22309714,13708791
2019-07-28,894637416,1578964630,1257170580,243166956,25689857,17130073
2019-07-29,966363431,1622309723,1392332200,261986377,19291065,16441810
2019-07-30,978059984,1641478107,1410606367,262800217,17661321,15037353
2019-07-31,1033320681,1713069464,1457436500,271939270,17328206,12756279
2019-08-01,958575663,1640877355,1421296619,264490488,19143966,17476842
2019-08-02,1026760865,1726448913,1484747325,285311686,22682242,14493069
2019-08-03,1048587988,1751603519,1425058620,276541888,22450897,14390667
2019-08-04,907915155,1617135215,1277749179,248525869,25396629,14348412
2019-08-05,990140026,1651337648,1422214461,266210956,18672216,15342329
2019-08-06,988562906,1657975727,1430095271,263381728,17130181,14930917
2019-08-07,1008803607,1682719988,1455227335,268663257,18002940,15959515
2019-08-08,993370076,1692048123,1467360993,273241448,19721940,16356161
2019-08-09,1017253551,1752648905,1504480794,284060660,22545753,15732315
2019-08-10,1049331774,1780421993,1447618772,276552516,22428074,15593561
2019-08-11,878851758,1553690047,1251094798,238278533,25786369,20228346
2019-08-12,951369626,1610957196,1379532574,258002481,19606795,18080952
2019-08-13,973300349,1637181012,1406571258,262789891,17980343,15332979
2019-08-14,1075415250,1771852486,1481541350,276590856,16138760,9445817
2019-08-15,902276429,1581571891,1370936639,252573547,18778535,19897455
2019-08-16,1024523520,1695541267,1462765307,285009507,22906604,13862120
2019-08-17,1039564115,1720527742,1402270265,275478866,22649478,13868913
2019-08-18,897055313,1566183296,1242731887,242717370,25889572,16812991
2019-08-19,957603254,1604711961,1375439530,261713363,19487527,15904687
2019-08-20,972326890,1629307410,1395378373,262260996,17877242,14849081
2019-08-21,1015764605,1684740584,1435682852,270680019,17808945,12862772
2019-08-22,980059103,1649009927,1425798178,267798443,19102284,16176258
2019-08-23,1038472263,1731116754,1487281105,286983439,22655054,13887955
2019-08-24,1057164267,1754122206,1425360699,277577459,22301458,13709151
2019-08-25,894646047,1578986283,1257236206,243212349,25691469,17130937
2019-08-26,966409494,1622360724,1392431563,262046403,19289500,16442861
2019-08-27,978078138,1641487054,1410729351,262871102,17661230,15038070
2019-08-28,1033333528,1713092460,1457506085,272021061,17346330,12756241
2019-08-29,958574214,1640883317,1421376656,264552305,19202547,17477036
2019-08-30,1026737084,1726443009,1484841522,285355471,22700272,14494296
2019-08-31,1048705958,1751698215,1425105056,276601919,22470539,14390850
2019-09-01,890191688,1566277197,1250349964,241391842,25782434,18057582
2019-09-02,958485239,1612705170,1382459439,260617484,19448490,16809397
2019-09-03,974556352,1635974251,1404226440,262645896,17842999,15073447
2019-09-04,1041470988,1723236109,1458237081,273100452,17118546,11688153
2019-09-05,946984635,1623848340,1406016514,261620999,19043034,17850604
2019-09-06,1029908149,1717710361,1478291220,285768674,22754127,14081675
2019-09-07,1048464985,1742119404,1417534550,276533930,22477739,13989473
2019-09-08,1010260450,1795952042,1384302935,266498374,23888602,15647343
2019-09-09,960163034,1700650746,1259917724,254661134,28224075,15993641
2019-09-10,975387957,1636836022,1404954441,262534581,17779965,15025516
2019-09-11,1034662628,1713824742,1454357303,272237282,17288388,12234345
2019-09-12,956063142,1633646951,1414173306,263472496,19097094,17461982
2019-09-13,1030094481,1722791528,1481803129,285712277,22727501,14190930
2019-09-14,1049790319,1747299329,1421243714,276603508,22432688,14082821
2019-09-15,950941620,1683444698,1318553642,254230816,24857426,16702979
2019-09-16,961086589,1615955654,1385744274,261029967,19403640,16685429
2019-09-17,1028626678,1658828904,1429940922,265111858,17093006,13969549
2019-09-18,1062407672,1713729660,1468866362,272159085,16445456,11172676
2019-09-19,1003678413,1651600263,1439637469,266734654,18174420,15228319
2019-09-20,1074605404,1739496765,1508981503,288188068,21827452,12729174
2019-09-21,1092108866,1760410034,1446751536,279063261,21563124,12566143
2019-09-22,986394862,1677005535,1328239623,255497273,24371782,15013838
2019-09-23,1030893793,1644449859,1419361755,264739236,18305021,14300370
2019-09-24,1076101272,1672092271,1451030794,266940941,16271098,12269793
2019-09-25,1103098622,1715979510,1485697755,272726405,15855200,10143392
2019-09-26,1043583630,1654032670,1459103816,270246172,17258725,12899798
2019-09-27,1108673263,1743478447,1527318896,289079184,20800829,11165132
2019-09-28,1109957559,1750549855,1452896773,276997876,20411714,10872892
2019-09-29,971322752,1607789765,1288782135,246278464,22989824,13014686
2019-09-30,1033663340,1594349482,1394464152,258728995,16496554,11456893
2019-10-01,1072553869,1626225011,1428760421,261563079,14997316,10247128
2019-10-02,1108020743,1680292045,1442899573,258737401,14830525,9076900
2019-10-03,1055311415,1625225920,1439579312,264309021,15883789,10619012
2019-10-04,1110282803,1710113643,1505753020,282621752,19381174,9551991
2019-10-05,1103260892,1710249496,1430616375,270377538,19145068,9225434
2019-10-06,968165821,1552257071,1255438279,238242858,21713376,11140424
2019-10-07,1039468287,1546882459,1369928490,253727330,14896951,8902511
2019-10-08,1069599928,1576993382,1404782052,257438551,13963043,8481238
2019-10-09,1088385554,1611497402,1408154093,252094790,13884398,7876456
2019-10-10,1052780446,1577025024,1415052331,260553988,14778842,8433904
2019-10-11,1101389138,1658508374,1476933865,275750182,18314202,8074367
2019-10-12,1089507134,1659684309,1403717507,263120539,18118220,7637636
2019-10-13,967143243,1495977039,1225717456,230583433,20730174,9425225
2019-10-14,1065487443,1524085226,1364783917,251200954,13398452,6306845
2019-10-15,1065747797,1530665640,1381288197,252418652,12958903,6764661
2019-10-16,1077558746,1555682312,1380914161,246569551,13020513,6676404
2019-10-17,1054672634,1533522407,1395786886,257719738,13696427,6221334
2019-10-18,1097091707,1607438726,1448677467,268903551,16721620,6434794
2019-10-19,1091300279,1624662416,1385080872,256375219,16693737,6042829
2019-10-20,951553306,1427919297,1187072236,220961115,19575805,7686695
2019-10-21,1267645024,1652426241,1435546485,285113423,24492772,16335474
2019-10-22,1022449746,1477781723,1343368302,246570654,12552952,6060681
2019-10-23,1034122764,1493304603,1335110071,240474262,12818381,6490004
2019-10-24,1003016659,1461645521,1340875098,249701499,13437047,6277538
2019-10-25,1041326403,1530197716,1387586520,259090183,16356378,6457472
2019-10-26,1037162840,1556737943,1325124878,245957705,16399570,6115678
2019-10-27,909169639,1373131379,1138017517,209310707,18823384,7670780
2019-10-28,969958507,1408546020,1283085285,239728819,12943022,6113882
2019-10-29,976866375,1422126485,1301935717,241500923,12982337,6184183
2019-10-30,986183510,1444383787,1289230665,234860232,14132001,6775214
2019-10-31,964998603,1416036312,1298890976,242294949,13230094,6385885
2019-11-01,1005075302,1475950685,1331622464,249917787,16581697,6598905
2019-11-02,1002880621,1504804670,1278748767,239208808,17222244,6679081
2019-11-03,913234623,1371307488,1132566356,210448532,20471784,8578994
2019-11-04,972481988,1416012387,1286342854,236795143,12055994,5294267
2019-11-05,957677170,1407320986,1292981196,235521184,11296438,4898054
2019-11-06,1058239615,1533587093,1239119980,201790680,12239662,6949224
2019-11-07,1016916371,1490798102,1317579913,234061134,12230563,5979738
2019-11-08,1038929651,1556659604,1374183050,253462930,15594457,6113784
2019-11-09,1016591802,1546705769,1309854313,243368087,16071031,5824261
2019-11-10,929889433,1396396572,1146680885,213076161,18557887,7410680
2019-11-11,984222488,1427081864,1288423876,241622870,13026720,6453736
2019-11-12,960239737,1391374078,1285066463,242074526,12627070,6196288
2019-11-13,935838162,1370569663,1280613532,239223182,12588841,6232944
2019-11-14,942070698,1392581162,1291396303,245266824,13604628,6536083
2019-11-15,984808518,1464880436,1337577111,253188075,17356264,6807405
2019-11-16,981002690,1493719441,1286639815,241146686,17305288,6154720
2019-11-17,945769717,1400395163,1169618815,216662317,19990591,8139997
2019-11-18,928799076,1351723769,1221017847,231440632,14603702,7008243
2019-11-19,956172043,1403395549,1288871403,239215781,12795578,6447836
2019-11-20,980495973,1433083184,1319342170,245711952,12899746,6236224
2019-11-21,964652149,1415939457,1318534525,248933580,13605007,6390117
2019-11-22,1007887398,1466808021,1341012834,250000128,14826956,5977752
2019-11-23,1058294066,1572288471,1328956707,242512049,15307163,6091467
2019-11-24,875909993,1346565967,1127550850,206736304,19172478,7999809
2019-11-25,963260610,1407385279,1292702763,240981258,12137342,5828176
2019-11-26,1025640755,1484558986,1341460783,246020662,12487406,6253033
2019-11-27,956384295,1403136445,1299187178,242021589,12491421,6065773
2019-11-28,936263658,1364823819,1268582418,241720251,13443135,6628201
2019-11-29,975046629,1421167231,1313764975,250180181,16514086,7058643
2019-11-30,993759555,1474864153,1250247186,238599123,16768650,6902738
2019-12-01,907570343,1363701573,1114107673,200601056,18675183,8306329
2019-12-02,959425467,1383209560,1265682505,240526913,14570180,6878915
2019-12-03,984605866,1423797153,1303202527,246927666,15808275,7158908
2019-12-04,999581935,1481575093,1309595569,246598997,20502544,8412439
2019-12-05,812391665,1183525996,1085415487,245441405,19526293,7048849
2019-12-06,1017135475,1470509403,1292523494,243360532,18642511,7034570
2019-12-07,966556420,1437273116,1219085557,230924824,20780328,8446224
2019-12-08,905502896,1348883875,1104239021,214823777,26003791,11035145
2019-12-09,990841699,1431736291,1284075985,239422765,14231582,7653255
2019-12-10,1016409390,1464095041,1339769755,249248469,13308963,7014618
2019-12-11,988020123,1424993535,1320598490,246413779,13105726,6969144
2019-12-12,954522239,1416470833,1318241407,249225090,13492191,7154522
2019-12-13,978667616,1483202030,1369760195,254779316,15681305,6956205
2019-12-14,955426359,1486364597,1305603663,242041332,14904861,6134965
2019-12-15,944462780,1441123139,1203810662,220776686,17648206,8586253
2019-12-16,988178786,1462161338,1302514673,239345349,13234282,7062524
2019-12-17,939661961,1419565253,1331296025,250280445,13200798,6766321
2019-12-18,931158639,1412690264,1328005412,249293862,13540840,6957884
2019-12-19,931260501,1419046291,1350391995,257322745,14404881,7180722
2019-12-20,953289722,1478279168,1386294487,262512755,16716917,7323746
2019-12-21,931192109,1494626655,1330515105,249163125,16757981,6747847
2019-12-22,820484397,1356243281,1168542292,211536442,18561884,8228494
2019-12-23,915213178,1401548380,1296110341,242433846,13646313,7061138
2019-12-24,919910560,1411690036,1314067797,243935285,13516123,7049730
2019-12-25,923208469,1429149389,1347189120,248310683,12665647,6019059
2019-12-26,982778500,1484696465,1360950605,250145407,14410215,7414866
2019-12-27,1013210173,1575328589,1454316656,272356329,18285341,7957975
2019-12-28,960063137,1524347988,1348890402,254025662,19529038,7572603
2019-12-29,886857663,1437553327,1248128385,227101158,20145213,8683191
2019-12-30,981408516,1526704561,1372052985,258216352,18583170,9640694
2019-12-31,908690449,1450716264,1274671872,237768137,18766031,9536880
2020-01-01,710198698,1057312586,1013911063,235701790,21239841,10817244
2020-01-02,789731347,1297775121,1189490563,240502449,21666555,9375288
2020-01-03,803247412,1332587142,1254607849,250571267,21541718,9021572
2020-01-04,807143343,1347800511,1193129125,235032955,21413471,9037387
2020-01-05,650940620,1145642726,995634678,197233887,22584545,10388042
2020-01-06,705251617,1328537931,1124144114,194025667,13105648,4986584
2020-01-07,980168717,1716360891,1488613389,260439610,14690589,4835246
2020-01-08,692502957,1062128899,811829010,173682404,22734252,7727628
2020-01-09,882444628,1302901219,1071779490,233384508,21593193,6558487
2020-01-10,902691333,1362688335,1114109805,239535048,23472827,7026840
2020-01-11,834248409,1301559462,1004195862,213318018,23784703,7245749
2020-01-12,735244449,1181313963,878498211,175427304,24081718,8213773
2020-01-13,884479921,1304210869,1071054195,231563347,18953422,6312700
2020-01-14,908337349,1325396730,1087609089,233157659,17923110,5899217
2020-01-15,921194484,1343041153,1109161004,236305985,18699022,6072885
2020-01-16,925963768,1349272382,1112362285,239015915,19170775,5935851
2020-01-17,970375834,1443857587,1157110773,240891319,21611677,6134887
2020-01-18,873479307,1353119442,1013295296,204075072,19868383,5646132
2020-01-19,791315925,1247052912,910090978,175177410,21436938,6661685
2020-01-20,922581897,1325511509,1070982907,227764353,17589341,5379332
2020-01-21,945577179,1359702012,1110921777,235494572,17401666,5214193
2020-01-22,952257830,1367462337,1112748475,234639074,18048905,5713170
2020-01-23,949504959,1365531284,1111285654,237299256,20305750,6867975
2020-01-24,985361164,1439294561,1142094538,237937531,23192782,6859734
2020-01-25,892126392,1365382135,1012073829,201764404,20912342,6125153
2020-01-26,802549441,1237400989,908303807,175901142,22019594,6874253
2020-01-27,852150198,1248247646,1015706679,226216999,22698332,6886471
2020-01-28,917432591,1322851515,1091408302,235277672,18583018,6222416
2020-01-29,934659208,1360804381,1116526498,235054390,18340181,5799341
2020-01-30,953048669,1363187032,1111711604,237495154,19656516,6491158
2020-01-31,997233693,1455603630,1161148906,243313594,22664882,6578575
2020-02-01,895940070,1366400412,1053489700,221339833,21176551,5877149
2020-02-02,809454626,1255914906,920839680,182154348,22326730,6806601
2020-02-03,937394949,1334758164,1079941197,230394815,18427485,6031303
2020-02-04,932498017,1343192374,1096006454,233547544,18195709,6006914
2020-02-05,936145315,1353599678,1109627466,235461484,18375958,6037445
2020-02-06,914353449,1319801106,1092982065,243864185,24638193,9884189
2020-02-07,951988049,1408697848,1135112505,250655593,28808523,11043959
2020-02-08,885445808,1372771354,1047388241,228187261,27193353,10051522
2020-02-09,800937875,1242324890,904794035,182637704,26064728,10473491
2020-02-10,928083400,1328953505,1068208676,238202386,25669937,10516760
2020-02-11,914855979,1316233892,1083588623,242493586,24981045,10543859
2020-02-12,925372735,1327519659,1072920650,236625209,24912168,10690924
2020-02-13,922436736,1327074234,1068035032,234701353,24755726,10355299
2020-02-14,963679472,1416849364,1121127094,242846695,27233791,10228892
2020-02-15,871619726,1338998906,1025496784,223799416,25252179,9251795
2020-02-16,703071636,1126402187,836979420,175734013,26424508,11689688
2020-02-17,878837985,1318289824,1081770702,240313056,26050302,12629600
2020-02-18,890407721,1330802210,1100099535,243560928,25661179,12452050
2020-02-19,910737040,1360441111,1123783826,245821316,26967492,13708643
2020-02-20,900221735,1356029109,1112581069,247169534,28804235,14283988
2020-02-21,957241053,1468620234,1202597177,268224660,34462448,15688665
2020-02-22,866498541,1355368288,1094783418,251414616,32186114,14295273
2020-02-23,771677503,1219394024,944435284,206789050,32305204,14698119
2020-02-24,718766858,1079459563,896318842,208596076,26963248,12199770
2020-02-25,876154320,1301196465,1101371863,250934476,28357447,14088008
2020-02-26,910009188,1342085375,1132549229,256132166,27862339,12821045
2020-02-27,887683528,1310549071,1104775826,253644268,28599276,12342451
2020-02-28,938844166,1398280932,1167375696,269481673,34771276,14427271
2020-02-29,905130358,1384107394,1100229697,255100287,32932879,13474319
2020-03-01,795163679,1255458773,944905063,199762125,28452073,9682068
2020-03-02,897825229,1344268886,1096229961,230783912,21164794,9337661
2020-03-03,911021462,1353957592,1134618293,245107190,21137742,9193603
2020-03-04,929847882,1486523266,1123793289,218399482,19675897,7494353
2020-03-05,945706544,1395566658,1138086281,242652017,21002570,8321896
2020-03-06,999669852,1498941119,1192100528,253267575,25072718,8700866
2020-03-07,935655980,1460807317,1136441227,245945132,24175865,8065699
2020-03-08,838348711,1292896078,951033809,193437381,25624723,9347225
2020-03-09,956477342,1377362022,1109333622,241512129,20797341,8914363
2020-03-10,987466577,1376284823,1126976727,261313085,27145481,9093398
2020-03-11,985252276,1378640154,1149545653,266799707,27940866,8863841
2020-03-12,980639478,1378350544,1147470068,268512066,28887140,8978951
2020-03-13,998458834,1440118460,1178880737,276440842,33090363,9526455
2020-03-14,956416091,1428520645,1108115938,253235920,32864945,10087609
2020-03-15,839844593,1258835542,949202785,208883977,32399860,10478179
2020-03-16,953213395,1336162948,1104545829,253704776,26953401,8507852
2020-03-17,942806755,1329936837,1109021121,257544833,27005184,8723910
2020-03-18,1003465130,1368037880,1088828391,267808705,40425567,17181043
2020-03-19,996700176,1346680727,1058105960,268017892,43430884,17907797
2020-03-20,1037089746,1431814129,1098443595,258726177,42149601,16779080
2020-03-21,926473764,1333851188,966536191,221479065,39036281,17943566
2020-03-22,782617174,1173799237,826164422,169840135,28233170,10002904
2020-03-23,884094090,1258733662,1016436540,236764488,27395653,9262634
2020-03-24,835405701,1158800065,956070614,226487952,26001154,9035620
2020-03-25,834349058,1145345843,949628664,226247747,26604526,9120551
2020-03-26,813812932,1120018564,912102832,215000793,25699176,8739122
2020-03-27,842674539,1172826191,919953122,212181834,27290241,9340984
2020-03-28,783916759,1122399717,780670317,161474515,24927132,9508442
2020-03-29,649094885,924607623,606784632,126170758,22859047,8734741
2020-03-30,690464464,947131873,762941852,181147238,21846402,7481291
2020-03-31,711693142,942613389,752248294,181194534,22353566,8013723
2020-04-01,710701120,931314094,749624544,181696729,22523183,8029699
2020-04-02,747138756,965731016,765410407,181661889,21619681,7404234
2020-04-03,740337981,979764452,764193230,178858190,22738696,7616177
2020-04-04,667173322,957901947,653908288,133287795,20114300,7880867
2020-04-05,614306796,880852035,573059979,115324037,19582476,8171476
2020-04-06,696469125,930946583,740712467,174212401,20517203,7269302
2020-04-07,688130891,914156523,728841809,174585084,21289606,7926932
2020-04-08,738495574,961407043,753862677,174372987,19895363,7053818
2020-04-09,713347539,936015051,742647008,176081877,21891799,7839421
2020-04-10,727490217,997493494,766858965,171378036,20187123,6964959
2020-04-11,663510070,952307034,653111678,127079012,18187958,7888334
2020-04-12,626199596,885210873,581242995,112968184,18562882,8127631
2020-04-13,743693090,976222147,759164471,170976201,17442604,5349049
2020-04-14,763495352,990319174,773643184,175113364,16869306,5108822
2020-04-15,752904038,984210187,769621695,174965419,17430850,5485344
2020-04-16,721963547,970632061,770087281,176036887,17444832,5509012
2020-04-17,754107836,1045774806,792879707,168409940,18213210,5800947
2020-04-18,772952001,1097351139,734524634,132841890,15099431,5390539
2020-04-19,568394593,809732497,523572954,96657282,13016328,4931164
2020-04-20,696144797,956653707,750091086,169304248,16046295,4538194
2020-04-21,772328022,1025307655,743433839,165499455,20006925,7895266
2020-04-22,766909347,1048144040,765791238,166215829,18949178,7454603
2020-04-23,752007645,1040160172,770247243,164130871,17245990,6599048
2020-04-24,777464111,1084731377,785746836,168407135,20813051,7705839
2020-04-25,744625986,1110680987,729176539,138697433,17143853,7236369
2020-04-26,643159945,956361338,584797420,115201360,17960383,7444921
2020-04-27,781688041,1061081606,750643733,170758497,20487559,8338803
2020-04-28,757704028,1036254141,819398688,186682655,18165050,5358031
2020-04-29,754294419,1030776357,822647844,188331506,18547116,5353702
2020-04-30,748959860,1040355244,829082808,189157438,19365636,5634411
2020-05-01,760264743,1095437330,858247728,189434372,19556599,5398082
2020-05-02,746192040,1117046016,777643624,153083094,16513856,5145369
2020-05-03,661908169,1022550680,681078558,131258140,16377894,5441992
2020-05-04,767420484,1079964154,845063567,187168560,17924505,5087757
2020-05-05,789608830,1089914128,854300496,190865764,17776017,5146913
2020-05-06,765449636,1073327213,846996645,190182907,18711738,5376973
2020-05-07,758349488,1091230160,861731842,193517836,19239628,5186540
2020-05-08,820748869,1182633966,907044574,195797184,19516584,4932420
2020-05-09,806657445,1185129651,829482561,166267903,17666793,4997042
2020-05-10,723768679,1066495064,711960317,143112798,18205194,5359986
2020-05-11,799016339,1127966690,876484718,192716336,18330806,4810036
2020-05-12,795026595,1133050968,886802688,194844195,18070372,4898094
2020-05-13,778581778,1100433083,883182617,196598066,18936902,5932813
2020-05-14,793201285,1112829931,888952485,199526759,20376096,6719865
2020-05-15,785043127,1157754012,910268847,200292953,20551834,5220921
2020-05-16,766261193,1192386329,844544721,168741400,19141828,5293040
2020-05-17,683252167,1073389379,750543035,154276132,19227306,5270532
2020-05-18,842687742,1139086398,917364851,208286325,21539357,5963896
2020-05-19,897499113,1182026413,946431002,214828352,21890723,6040492
2020-05-20,864285732,1125598294,911106839,212169393,22349679,6883814
2020-05-21,857390510,1123398074,911012018,214599098,23755759,7303809
2020-05-22,862450256,1149854985,918138665,213502527,25416182,7927486
2020-05-23,851924032,1190977637,859706908,180711004,22438059,7491798
2020-05-24,832801887,1186088522,818583857,171264244,24492205,6349377
2020-05-25,924301220,1253187515,1003626639,230154921,22195415,4948248
2020-05-26,935985916,1250857155,1014372595,236035087,23290281,5738883
2020-05-27,948686158,1257025222,1018433140,238242389,24649743,6464312
2020-05-28,957548358,1278152341,1036465801,242953192,27046558,7552837
2020-05-29,970454845,1334851361,1067636031,247935991,30864900,8265786
2020-05-30,920097792,1302889944,950858676,203516856,26607731,7922460
2020-05-31,765829940,1081785642,776825282,170436487,24269243,9249632
2020-06-01,728970939,1022551609,739150727,169852931,27580753,9708389
2020-06-02,802932926,1105877463,905093091,209232199,24902893,9749802
2020-06-03,873612320,1167929157,947749100,220004004,24869761,7866484
2020-06-04,853929299,1137306039,923774905,220261282,25908553,7059644
2020-06-05,844720570,1159055990,924313354,216876250,25810502,6540352
2020-06-06,858820003,1200584007,876903730,193588220,25091322,6633297
2020-06-07,782103638,1087014526,768211047,173905897,26618842,7074054
2020-06-08,830787038,1123326720,887497052,209527786,23733031,6620480
2020-06-09,851609143,1111365739,903772657,218693887,26419695,8081482
2020-06-10,905688943,1193042664,970419363,229290535,26316188,7993392
2020-06-11,864127706,1148303656,941209722,226713674,27637588,8235200
2020-06-12,882488082,1200463056,969289867,232598900,30350944,8464439
2020-06-13,767725737,1132235427,841830768,183729428,23541205,7012140
2020-06-14,738085242,1131848473,785300000,179115782,29246053,8882037
2020-06-15,874634831,1220720127,983259151,224431905,25061310,7096590
2020-06-16,823491215,1121278138,926574736,218140709,23956853,7682100
2020-06-17,846087290,1123648109,919003011,218436958,25882537,8906104
2020-06-18,860142126,1163846310,954869598,223942291,27016680,8650389
2020-06-19,873077075,1180474151,952907566,228470045,30474164,8534846
2020-06-20,883335863,1217536321,915551902,210518079,28621123,7896712
2020-06-21,745290104,1034863657,758230319,183824536,31174347,9091146
2020-06-22,812535435,1085440460,876280838,210468770,26612292,7980928
2020-06-23,878572784,1156939813,932651336,217336875,24822023,7292129
2020-06-24,903788061,1182484432,954798384,224306256,26283161,7508240
2020-06-25,874727231,1156761822,943480103,224420142,27486839,7717930
2020-06-26,841305788,1141939075,927818090,223421015,29005654,8000948
2020-06-27,814583656,1135019663,853031997,200078187,27536730,7971767
2020-06-28,711199708,994276075,746514644,183494153,27704081,7831851
2020-06-29,767365126,1029123783,853325098,211212247,27471374,8469015
2020-06-30,836130692,1118512710,927340225,220311075,26163982,8113939
2020-07-01,802540079,1055361464,880119729,213536888,25692652,7880652
2020-07-02,841289811,1105107560,914128129,221968068,28029974,8616726
2020-07-03,826797160,1104831676,901628961,225330264,30864162,8943530
2020-07-04,826888171,1147672232,873323658,203711134,28691698,8275386
2020-07-05,712010212,1004302511,752768471,186269602,32172204,9543915
2020-07-06,767437280,1035114100,858885074,210672995,26867887,8846013
2020-07-07,758194504,1013598447,855942012,211640236,27216704,10035532
2020-07-08,778635310,1032074578,858609241,213052256,28056874,10174855
2020-07-09,892662740,1172780320,970025617,235303623,29732188,9143672
2020-07-10,821992831,1098524972,896306197,223789214,30669546,8891692
2020-07-11,703219233,939814229,766855351,191453205,26237320,7605921
2020-07-12,674213220,941733865,710557688,178064615,33828444,11091509
2020-07-13,709318166,980752498,806051446,200717769,28028872,10126609
2020-07-14,733625120,992632596,837148991,206919611,26926933,9848461
2020-07-15,736147827,990555644,837562143,210162095,28651744,10284239
2020-07-16,750329016,1005130999,847709462,214361963,29417294,10026527
2020-07-17,744401337,1035202915,864922240,216281490,31295934,10331883
2020-07-18,743245110,1025676243,793479140,191743823,29696742,10344085
2020-07-19,641380773,914025407,696933414,174865460,31929184,11548854
2020-07-20,707259121,966714458,818989142,204651122,27623527,10058259
2020-07-21,742768224,1014577468,850051736,207302128,24353608,8332003
2020-07-22,748763325,1033914414,866797664,210743330,23859361,7618671
2020-07-23,758362153,1038101818,872004808,213067630,25151551,7470969
2020-07-24,753019627,1049969024,875349023,213982662,26811900,7447503
2020-07-25,741902882,1044029841,807076548,193846545,26854210,8036265
2020-07-26,620926207,895802704,684264323,173120244,29582314,9154520
2020-07-27,719852992,998565830,837533183,204191366,23275430,6671566
2020-07-28,706141161,973218681,844525604,209962839,25004980,8097920
2020-07-29,700940437,978754235,850761217,210704194,25266848,8283051
2020-07-30,683012381,947170593,826962077,209206652,27101489,9000808
2020-07-31,733127165,1031229417,883545853,220281408,29815285,8917006
2020-08-01,689412895,976148006,791121152,193854135,27880630,8724898
2020-08-02,653840937,957112773,765343296,197160360,35045372,10897755
2020-08-03,701111415,985180210,852797227,216551496,29111362,10517433
2020-08-04,721393719,1013758369,892580632,224819377,28299019,10037171
2020-08-05,708453418,1000577310,878453553,222897377,28220651,10071380
2020-08-06,712804347,1016925501,889417773,227750609,31305271,11176233
2020-08-07,694639082,996541517,861947021,225179400,33689956,11513185
2020-08-08,671831841,972165671,784307159,201593721,32848706,11773434
2020-08-09,624668345,927867182,722176747,189379086,35731935,10950862
2020-08-10,731733416,1021846049,857430196,217252379,28315929,8618427
2020-08-11,790910443,1079271261,895372485,213931403,23528665,6715500
2020-08-12,816973434,1095229820,908709590,218677454,24542890,7195883
2020-08-13,815520382,1095101231,917704732,224634992,26350423,7607596
2020-08-14,763640993,1081743349,906696690,224734120,28843534,7946140
2020-08-15,689534003,1043577589,825291541,202774957,28179194,7923824
2020-08-16,662509379,1023301621,788926293,202153144,34993945,9860617
2020-08-17,720609234,1075983817,912591612,231204140,27258623,8351615
2020-08-18,743994383,1104673685,945639297,236530944,25075322,7502071
2020-08-19,682284632,1012826630,884424880,228470057,28560129,15000190
2020-08-20,689654043,1036645230,907500675,232982834,31508493,17801987
2020-08-21,726396042,1103919249,954126492,243502868,35662064,18502015
2020-08-22,681561949,1055315731,866322224,220158187,33240457,18083812
2020-08-23,583984450,946937504,776902318,208809001,41309857,24303405
2020-08-24,651637209,1007589226,889502585,234580516,33870400,23634582
2020-08-25,623891728,958098532,871681583,235757533,33577537,25030693
2020-08-26,676872086,1015958273,911116520,240312792,32893561,23806702
2020-08-27,683193383,1020574485,911194356,242736870,34431045,24296665
2020-08-28,738662369,1110815772,960974450,250022879,36541648,22888649
2020-08-29,691881842,1065326060,877880006,226638641,34215046,23496037
2020-08-30,545431835,872446731,701538501,180093735,32416911,18819527
2020-08-31,606985745,929742633,797990268,203256137,25405649,17134673
2020-09-01,636071108,983266217,852784689,212591348,24824249,16010974
2020-09-02,621428411,960616242,841754614,212065645,25648498,13048084
2020-09-03,628301830,973479294,846622800,214892314,27359289,10737724
2020-09-04,642068607,1008881246,873191087,223935064,30889383,11274765
2020-09-05,642170277,1020164196,829325174,202160861,28451919,11119764
2020-09-06,569761451,917537718,733382329,188241244,33489456,13147742
2020-09-07,631381794,949800645,817006582,210762958,28600511,12458963
2020-09-08,682456601,1029223853,874353928,217853271,26928809,10133247
2020-09-09,685017612,1033279604,887723123,222454047,26897922,10165167
2020-09-10,741996433,1095946669,929894534,232491169,30454250,11726121
2020-09-11,694269497,1055394942,898528653,235275857,37000323,12553484
2020-09-12,720446530,1084136213,867977208,220161939,32667207,10413541
2020-09-13,607571219,923248307,739419041,194483108,32327382,11546082
2020-09-14,571182505,876622698,692984579,188808898,38501067,13872934
2020-09-15,654387529,1024721838,889306460,223675359,28727683,11470874
2020-09-16,674288207,1049130501,919944130,229988952,27779268,11466039
2020-09-17,654291113,1010825678,880759216,225448881,28784443,11919288
2020-09-18,706844449,1106911187,949300631,238665147,32251909,11545128
2020-09-19,649255642,1030621781,842160744,208614476,29393789,11110234
2020-09-20,513441567,896067566,739012049,198437924,28210942,12556622
2020-09-21,659518449,1039814106,891845749,222731650,27174426,11093918
2020-09-22,681079603,1055575278,913252456,229531306,27305475,11053414
2020-09-23,659196235,1045747080,920649381,232623074,28097180,11435192
2020-09-24,667396809,1059184956,920012629,234890700,30034131,11618720
2020-09-25,718912632,1131811251,959969339,244917740,34132349,11421757
2020-09-26,724208076,1139205347,922415642,230796005,31475942,10575380
2020-09-27,609688946,952787972,741852080,183776668,31528199,9672770
2020-09-28,618474941,967391289,818274240,203601777,22268416,7073750
2020-09-29,689466984,1049285266,894471919,217407082,21043114,6390287
2020-09-30,710257892,1091706173,933408931,222772599,21597325,6463572
2020-10-01,695176644,1074462646,922244652,224678600,23954258,7534249
2020-10-02,727512181,1139069210,968204138,235589746,27687461,6994821
2020-10-03,713595669,1125282959,907474347,220872639,25007434,6296972
2020-10-04,637134574,998058704,776053340,191968273,30087853,7606784
2020-10-05,673740927,1052300096,883122907,215192892,21660351,5959580
2020-10-06,646639405,1035983312,907392915,232620741,20468596,5404958
2020-10-07,643528673,1046287644,923213072,242198703,21007700,5466540
2020-10-08,680950938,1076893205,922166818,233030506,23300215,6354450
2020-10-09,659334725,1059779589,889433837,219587992,26931545,5926164
2020-10-10,634850924,1046236498,856337174,214469406,24324689,5325229
2020-10-11,566825001,927892057,732340819,186737171,29266331,6437614
2020-10-12,605370722,975217080,826628063,219322299,22128257,5114172
2020-10-13,642428455,1039144919,895393751,231891142,21276750,4881269
2020-10-14,653489527,1070870958,936787213,239623212,21758936,5179034
2020-10-15,617868737,991385905,881585904,232756518,22722075,5363595
2020-10-16,631743944,1054882397,917777825,241146708,26100863,5421588
2020-10-17,602102109,1021144856,849649155,222473851,24089807,4890948
2020-10-18,539412695,898597146,722434319,196001846,29352323,5675129
2020-10-19,604139007,967411255,832024088,223162822,25175275,5282852
2020-10-20,637187345,1005456915,873435091,229712366,23365822,5599530
2020-10-21,642367342,1013851753,887033530,232233533,23924473,6277203
2020-10-22,581407753,942910685,834446644,225898107,25462582,6826042
2020-10-23,640058765,1042777066,904773868,238139949,27551294,6868446
2020-10-24,640168996,1033806501,843452080,219285425,25715757,6076822
2020-10-25,555470714,916341509,727470183,194684405,29115602,6607868
2020-10-26,632515138,1007889808,854743213,224958949,23892923,6077242
2020-10-27,619777985,993818003,860766966,227678714,22331760,5724942
2020-10-28,600149589,976323187,838108728,226381929,24241167,6306221
2020-10-29,651892281,1044961066,887909643,235444661,24808362,6063636
2020-10-30,705300484,1137779412,952456055,248195732,27592024,6149881
2020-10-31,699881799,1143253415,904682577,225923919,23516335,4941135
2020-11-01,613059973,986002313,747112530,190947070,28171713,6169838
2020-11-02,643865328,1041600203,856698241,215374567,20903592,5133916
2020-11-03,652745069,1050704636,879062739,225102469,21073133,5174573
2020-11-04,645621095,1050341458,883501967,227763961,21734571,5521991
2020-11-05,654422214,1053986829,883156504,228010284,23378463,5953181
2020-11-06,687532067,1125676729,925487338,234563128,26472047,5930843
2020-11-07,673966010,1115579186,875446541,219480583,23979270,5196872
2020-11-08,691758535,1117063399,854145059,211970077,24857649,7196026
2020-11-09,727914014,1225654590,894100334,213608324,19799383,4422062
2020-11-10,678891708,1127071413,841033585,203092976,18796585,4040363
2020-11-11,664463773,1077104520,834433084,202991225,19346600,4197092
2020-11-12,718655653,1165026078,898827067,217201682,22987088,5376070
2020-11-13,742947476,1184568287,926142300,228891118,27875622,6963121
2020-11-14,691733388,1076283534,860373865,217329293,29736300,8273375
2020-11-15,636114823,1042039713,830078098,200455276,19385064,5726170
2020-11-16,693673488,1140077114,892070945,223747439,22994466,5175559
2020-11-17,701148678,1151643156,896035187,228208482,23664454,5162713
2020-11-18,682037013,1087372089,883381567,224161745,24544530,5614624
2020-11-19,678647997,1093305571,866994097,222396084,24708092,5827446
2020-11-20,709578960,1151500500,914072427,228819826,25240926,5918790
2020-11-21,676241635,1120205660,885982384,204293002,23063786,5406592
2020-11-22,630164404,1026994144,804261933,203926049,26481099,8071286
2020-11-23,697914267,1136490246,879783391,198344285,24279210,7437086
2020-11-24,706333984,1151060992,888610917,200173489,23242137,7341072
2020-11-25,747452056,1191433526,913319955,208158311,23934625,7636221
2020-11-26,745114226,1178784448,903249896,217874046,24206719,7543530
2020-11-27,672817832,1089739725,853295763,231117021,26770359,7949020
2020-11-28,640809860,1045512787,825657928,234958155,24583458,7764406
2020-11-29,559602572,984369070,719790381,181164128,25248366,7843688
2020-11-30,623653980,1033537047,828976615,223534530,23807192,7306642
2020-12-01,645292668,1069362705,857693433,231273252,24168549,7700109
2020-12-02,678547184,1142605897,866114278,223550413,26581152,7460438
2020-12-03,512191513,849469373,691545084,199330393,24363809,6587025
2020-12-04,685916221,1109056111,862545316,217767562,24973368,7019051
2020-12-05,618381835,1039676210,791578785,201460726,25362035,7853255
2020-12-06,603077775,1026881912,746861414,183294441,27597273,8306436
2020-12-07,646881250,1036310852,839809269,225335382,23284545,7431034
2020-12-08,721626602,1135142584,914435214,236963015,22356580,7096997
2020-12-09,732821696,1154107509,941566333,239980816,22769736,7065976
2020-12-10,742312642,1158237967,941361450,242931225,23387458,7382128
2020-12-11,760348590,1198582389,963302717,246708998,24358170,7049428
2020-12-12,731991991,1181160231,899558245,218660402,22410601,6996664
2020-12-13,635194568,1035660461,771425757,188688725,23596168,7499550
2020-12-14,629470221,1000645897,821139448,225564518,23168076,7546764
2020-12-15,660049859,1041417986,863794482,233684898,22393812,7182425
2020-12-16,665187634,1027644724,853842460,234265474,23010842,7328327
2020-12-17,694834011,1078052333,877657058,234873136,22393610,7281029
2020-12-18,693432345,1086449039,896598796,238168212,23072951,7330949
2020-12-19,671064787,1079683070,821746050,209202108,22529734,7494314
2020-12-20,578648926,954343709,714387964,181804462,24105126,7600848
2020-12-21,638944322,1023557054,837231949,226703807,22714849,7092385
2020-12-22,674921758,1050621917,867607293,236120805,22937115,6874747
2020-12-23,644365215,1004613184,831395618,227886596,23900758,7571798
2020-12-24,664387479,1048254055,850712122,227875102,24240177,7737277
2020-12-25,692080699,1111488315,919834930,252114758,27365628,8025706
2020-12-26,658823639,1090634030,857496396,224191928,25830861,7646928
2020-12-27,535403395,878342079,670634644,175893561,24086732,7070424
2020-12-28,613603486,991212537,838017982,239785714,26613661,7481432
2020-12-29,585348325,1024444332,929919906,279160900,32273536,9685358
2020-12-30,604190312,1070568527,946488979,275560073,32628300,10198729
2020-12-31,514641976,985356829,815055545,219806062,26738871,8157899
2021-01-01,315446320,577814673,500982276,152310201,19948816,6207514
2021-01-02,571469926,983396081,766320995,207282964,27210476,8133518
2021-01-03,602452970,929093913,744892165,173583394,35785864,10295377
2021-01-04,670127409,1032995926,868927549,196921992,26832006,8092279
2021-01-05,684993724,1056013308,895181824,202460153,26111795,7804731
2021-01-06,695336146,1089670605,910639549,205115815,28415192,8189227
2021-01-07,725530609,1137929940,888062145,186455685,25672298,7287227
2021-01-08,577940083,903676123,707278848,157554060,25682948,7601173
2021-01-09,681965080,1052716325,847066093,200155050,32310378,9000169
2021-01-10,604287786,942855956,734468584,162655872,32254996,9516665
2021-01-11,722489828,1091201722,863466910,177810369,22746525,6920171
2021-01-12,699054971,1055536263,859393251,179861934,21633021,6685292
2021-01-13,716296352,1091548431,886366136,182754205,24130240,7541612
2021-01-14,716796233,1077055605,873946860,183850372,25366089,7979278
2021-01-15,771063005,1143878952,909337374,189788873,29393923,8447511
2021-01-16,774392900,1132159379,867147113,188635578,30378528,8380578
2021-01-17,695181217,1014823651,735946275,149934495,21732097,7393000
2021-01-18,707570151,1065457710,841941376,172283174,16694538,6191717
2021-01-19,698444974,1061695266,857236717,179153488,16707549,6214926
2021-01-20,720752318,1091598891,879223657,181312966,17421826,6575087
2021-01-21,735686684,1089500791,883070794,184210489,17982425,6515192
2021-01-22,827873724,1222957262,993077939,207558832,23869625,6675119
2021-01-23,885101836,1245760350,983530664,217349778,24344134,5755076
2021-01-24,785489248,1112659872,871025348,184162693,26780577,8270174
2021-01-25,867670516,1210422395,1027871968,224463529,25375782,8378574
2021-01-26,716426413,1031492798,872079957,175089067,15728426,5839635
2021-01-27,746616224,1071603678,906672854,177346370,15504714,5867740
2021-01-28,829063237,1161948861,978918637,195482940,17729604,6803680
2021-01-29,851306012,1193288554,997155253,208614825,24017420,7353076
2021-01-30,809426426,1141159050,937043439,210490086,24419029,6304526
2021-01-31,748878989,1042171368,823622309,172165151,27003806,8418214
2021-02-01,746865765,1059403746,873511883,172276077,15549632,6579730
2021-02-02,778128315,1117786660,936256906,185284580,15333598,6074460
2021-02-03,772417272,1114244956,929636526,182138087,15636144,6254563
2021-02-04,759723325,1088919085,917276638,186189794,17448171,6529233
2021-02-05,803806282,1166731980,965987388,199048864,23572793,7003692
2021-02-06,815812812,1163086964,933569497,205286076,23899666,6070060
2021-02-07,782307002,1071488650,834366859,175275234,26896189,8638796
2021-02-08,818605022,1123757644,930852311,193346017,20165414,7691335
2021-02-09,820766689,1151680896,959193099,190936107,15645938,6227887
2021-02-10,826179350,1160028717,964618917,188594934,15656564,6320864
2021-02-11,838950132,1160261746,967345953,194494815,17590522,6910215
2021-02-12,905219295,1259518247,1036861981,211537561,23802976,7431497
2021-02-13,870866492,1204866960,968104670,212750812,24148682,6404087
2021-02-14,886464056,1155008987,903226271,181384621,25699721,9033206
2021-02-15,911956931,1209278664,1053919074,225907821,25051678,9000211
2021-02-16,861607878,1215522071,1024385500,203110918,16987458,6947029
2021-02-17,886182762,1254781570,1063752222,208396983,17454122,7089365
2021-02-18,901879093,1255320743,1065999708,213603203,19576485,7991077
2021-02-19,873077296,1217243804,1019919592,214261489,27836583,9451706
2021-02-20,832915706,1161582102,956889220,203816062,17247869,5972723
2021-02-21,869171619,1138720190,892346084,182070295,27991229,9390663
2021-02-22,901066302,1195895192,1006159943,205292845,21484079,8447275
2021-02-23,889933326,1220164382,1022051724,200207688,16913573,6960870
2021-02-24,894497527,1230095132,1030526813,199195229,17119033,7078962
2021-02-25,906492007,1230505799,1035535598,205960244,19324184,7752371
2021-02-26,928818484,1269234758,1053013490,214851496,26349514,8504098
2021-02-27,897060573,1216218496,984969653,211689090,22762353,6569111
2021-02-28,900451771,1203060195,980837578,213126231,30343669,9377424
2021-03-01,961994450,1283895370,1096673300,222799794,18783461,7670401
2021-03-02,997555766,1346726959,1155088689,234061363,18152287,6721764
2021-03-03,980693369,1315792004,1128077171,226569547,17853572,6424952
2021-03-04,999253415,1335990546,1121508563,227798530,20008737,6902708
2021-03-05,1021971495,1373056993,1137242348,237764602,27571884,7737394
2021-03-06,976440474,1306015651,1058290105,232162277,22744599,5763675
2021-03-07,956990707,1251542916,983853066,207684895,30292431,8578351
2021-03-08,1001098795,1322586168,1121218252,236336161,23657618,7724283
2021-03-09,988846538,1353516317,1134561451,229391518,18788344,6354525
2021-03-10,993753406,1360677141,1142570823,228371047,18922702,6341433
2021-03-11,1011545838,1369511738,1144370877,233579897,21287405,6977066
2021-03-12,1014881652,1379973264,1137373845,240280358,29499866,7943208
2021-03-13,969201057,1312517751,1059319723,232597736,22528526,5615908
2021-03-14,925597578,1204374097,974932049,220314211,34178624,8888893
2021-03-15,993495427,1318797361,1108698736,224191013,20315667,7617005
2021-03-16,1051911948,1380956682,1182007290,238022064,19325439,6604567
2021-03-17,1030093276,1376488594,1134383768,221043129,19123613,6584000
2021-03-18,1031091704,1367323225,1146372256,233712768,21679337,7069065
2021-03-19,1046524763,1395128289,1153661594,242327046,29771530,7921706
2021-03-20,999504543,1325231213,1071801011,235856416,24236530,5830555
2021-03-21,920983777,1235303734,993882928,222668920,36629358,9716824
2021-03-22,985065806,1298671802,1103652888,229415196,22558185,8027014
2021-03-23,1084148604,1447532144,1214345188,241531477,20858371,6975329
2021-03-24,1019165973,1377438425,1153254775,230358217,20848468,6858737
2021-03-25,1031339980,1383476793,1155015765,236754043,23470809,7420358
2021-03-26,1042554629,1405239990,1157271635,244849939,32279923,8352637
2021-03-27,990687935,1329182831,1071329600,237088598,25726657,6047967
2021-03-28,943947098,1228133762,958837250,217503468,36833110,9406479
2021-03-29,1093521222,1410767495,1186009996,243435173,23799713,8392982
2021-03-30,1149035806,1500702705,1258986974,250714928,21107914,7177970
2021-03-31,1125853514,1478212018,1245486286,248900057,20917550,6492589
2021-04-01,1162559370,1516823780,1233526897,243818681,23323433,7182709
2021-04-02,1085990454,1443759981,1179169732,239230680,32282696,9853027
2021-04-03,1079898732,1412600909,1133280551,247590337,25749779,6256924
2021-04-04,930335762,1238100087,1007763714,230933747,38856520,10780975
2021-04-05,1042893958,1357562669,1147248214,237033036,24988289,9046347
2021-04-06,1097417267,1437118802,1198946058,239347203,20514054,6518302
2021-04-07,1116559064,1453576838,1236857830,247434675,23380368,7819520
2021-04-08,1076365699,1435217320,1186622397,243135543,27671233,9202473
2021-04-09,1088689579,1444055634,1189348564,249663914,35737952,9990176
2021-04-10,1035517657,1361589925,1098909065,243777012,28223165,6802120
2021-04-11,857222942,1097069233,925858895,224287221,37205591,9730230
2021-04-12,1119329594,1442468658,1212734293,250604342,27115383,8488129
2021-04-13,1112389113,1399633678,1140764926,228400566,20056078,6520180
2021-04-14,1128063220,1463491584,1242112419,254924855,23156891,7363079
2021-04-15,1153541364,1497116984,1237968878,252107023,25419288,7824067
2021-04-16,1158686828,1515343864,1264449792,264176057,32414853,9098091
2021-04-17,1064261149,1441595521,1158334204,261601332,31617034,7801696
2021-04-18,967673732,1262433021,1027280958,229365755,34315355,8659079
2021-04-19,1175275084,1533506484,1273676884,243950577,20623767,7144427
2021-04-20,1183577814,1541201553,1280943849,244326829,18599892,5829421
2021-04-21,1171149082,1548480538,1303936046,246963466,19119502,6339093
2021-04-22,1189068919,1565566220,1289161412,249084749,22961311,6989638
2021-04-23,1236112614,1644952849,1361775765,268912842,30958094,8061179
2021-04-24,1092532440,1418459011,1168053281,262306560,29579536,6502314
2021-04-25,978945708,1279453833,1055940104,237177011,34641319,8641765
2021-04-26,1182375016,1542053038,1287878565,248370763,21624649,6996945
2021-04-27,1202555585,1571556073,1298732304,245786951,18323279,5543822
2021-04-28,1081674506,1444262921,1238735532,236912249,18859860,5997653
2021-04-29,1045396293,1403097685,1165802369,231002418,22702524,7408896
2021-04-30,1052496609,1421476306,1186395760,240035751,29136512,8280996
2021-05-01,963913765,1305006420,1068346670,236238775,26780074,6739510
2021-05-02,845315301,1115847226,928278194,212279134,32287627,8701402
2021-05-03,1071964608,1388876462,1151931179,223573000,20204161,7048421
2021-05-04,997155385,1370669545,1160499135,227637083,19248481,6576746
2021-05-05,1036505694,1404086339,1172317017,229403865,19779565,6632244
2021-05-06,1134135908,1446545850,1201587511,232400987,21201725,6759825
2021-05-07,1058159789,1432113973,1198651597,241845734,28787772,8256591
2021-05-08,958014531,1305468270,1072212348,239132361,27831472,7084785
2021-05-09,871055302,1145571326,941027047,213256306,32739813,8792754
2021-05-10,1049178067,1346134225,1102432358,217043807,19753047,6780854
2021-05-11,1009867585,1390662497,1163440268,225979290,19161723,6622076
2021-05-12,1068990964,1463875093,1228527090,234636123,19689723,6622310
2021-05-13,1163943984,1449395090,1202954358,234762929,21584303,7152449
2021-05-14,1088407403,1461496879,1213453258,244038390,29423119,8293073
2021-05-15,982394261,1312659036,1075529198,240632692,28130138,6969660
2021-05-16,886214393,1153844717,949014622,215122053,32826009,8935106
2021-05-17,1152266163,1434185897,1171123511,226721513,19825598,6623098
2021-05-18,1051534928,1421266523,1179511456,228885962,20095474,6995402
2021-05-19,1143289235,1458548925,1203566711,231428708,19941200,6957198
2021-05-20,1049031771,1409523709,1190166574,234017835,21430630,7092715
2021-05-21,1111407841,1475474356,1220905299,245229583,29553763,8486795
2021-05-22,1010896974,1343141790,1091714563,241922660,28024279,7111574
2021-05-23,872478581,1136635512,936278816,213831950,33225557,9127334
2021-05-24,1083759559,1407744019,1174200593,228511774,19391830,6591056
2021-05-25,1124832032,1338233876,1089115778,214359853,19015761,6827360
2021-05-26,1094214422,1476374060,1221488526,233803005,20031624,7007570
2021-05-27,1037461484,1430919143,1209705086,238757758,22597720,7402817
2021-05-28,1095846028,1456857675,1206475031,243558221,29781087,8647976
2021-05-29,996534828,1325191421,1078503176,241011814,28590247,7334558
2021-05-30,1105871482,1330753797,977516903,194696615,26173386,8138022
2021-05-31,1120418541,1403499106,1146960859,228432575,22352147,7775358
2021-06-01,910789162,1332889294,1176801620,238302573,21073664,6934524
2021-06-02,1116104695,1286228091,1072185604,224792346,23051333,7259579
2021-06-03,965531574,1375970327,1181530410,245895566,26398501,8133822
2021-06-04,945630978,1330758398,1145025840,244388691,32634194,8956416
2021-06-05,848569929,1264989309,1025066660,220384572,30562878,8288244
2021-06-06,791051501,1160757006,1013046286,220266730,25567649,7967879
2021-06-07,1047130889,1250626581,945126185,206951286,36232943,9826564
2021-06-08,1037467776,1410630281,1169390881,230225832,22196593,7384861
2021-06-09,1028979943,1335779389,1116844626,220807908,19582820,6786105
2021-06-10,1063271640,1422834826,1194640891,234589652,21148046,7233489
2021-06-11,1064351891,1433107900,1190220559,242770648,30516761,8738581
2021-06-12,968511433,1301649535,1062882837,240158452,29205573,7363240
2021-06-13,913199224,1177918210,945433435,210606361,32137050,8911558
2021-06-14,1176922686,1434003633,1153798314,227018421,20879787,7181029
2021-06-15,1031456733,1400711782,1185159488,235785068,21338647,6995834
2021-06-16,947165857,1353825190,1171631386,233510733,21098571,6941607
2021-06-17,1019260208,1338048384,1131074555,228341020,22068188,7415244
2021-06-18,1036033790,1414423536,1189609186,245603433,30990873,8740160
2021-06-19,940123803,1299658776,1063455123,237792509,29518310,7543486
2021-06-20,864386975,1135565517,936891004,215097159,34076275,9279538
2021-06-21,992205876,1356208567,1121981392,222395666,20990581,7299064
2021-06-22,1087210975,1418601068,1189606819,234749543,21393556,7216898
2021-06-23,993917619,1358125633,1169702664,233957011,21085455,6993746
2021-06-24,1118608764,1411505240,1174100629,232361716,21675392,7229470
2021-06-25,1059528256,1432244412,1200426353,246494630,31153851,8870493
2021-06-26,964034456,1305398904,1072902013,242727007,29798964,7522784
2021-06-27,866521024,1124764845,929274564,214624071,33873983,9365489
2021-06-28,1111170151,1401078826,1156322700,230925201,21623205,7321545
2021-06-29,938790206,1299937622,1114396495,224706338,20662671,6995714
2021-06-30,994645026,1346475583,1141007188,228329540,20791882,7096798
2021-07-01,1132198231,1421451314,1198334074,239315048,22025437,7587804
2021-07-02,1053724498,1411634462,1188374226,246215111,31096958,8974742
2021-07-03,959970439,1290928125,1064571058,242450252,29740392,7634947
2021-07-04,919005969,1190999361,973449801,211106644,30066446,8638320
2021-07-05,1136988459,1448521278,1185483301,224557220,19033008,6835070
2021-07-06,1005401858,1339194313,1127476749,235406993,24228740,8425060
2021-07-07,1067396927,1362842896,1174029201,249356080,26320186,8838913
2021-07-08,1130183352,1389362461,1167033307,243395316,25895807,9063473
2021-07-09,1134071288,1425678356,1161168129,248910377,32644328,10843746
2021-07-10,1130707884,1405197706,1145697300,267542587,37475770,11813034
2021-07-11,1014589173,1304732441,1098351218,242497537,29720013,10738393
2021-07-12,1222157812,1494288988,1196174978,252228070,28524320,10924427
2021-07-13,988499556,1283284371,1100685817,225120253,21632179,8429911
2021-07-14,1097029074,1390412823,1156955316,241608688,25866380,9811289
2021-07-15,1221419417,1429358602,1164492166,243200437,27015475,10369573
2021-07-16,1178002961,1460048490,1189828429,257000241,38327328,12325409
2021-07-17,1071887937,1336450632,1064798691,252339027,36627634,10563009
2021-07-18,921468380,1164776084,947511215,219380746,35428264,10459336
2021-07-19,1142334771,1417400796,1154533257,232430750,22429862,8288118
2021-07-20,1101508604,1437866690,1201618149,243249819,23413828,8479265
2021-07-21,1015390659,1340841281,1157751864,235289735,22187405,7901293
2021-07-22,1102280054,1397601614,1165609612,236130883,22299050,8133134
2021-07-23,1094779172,1440050067,1204045757,252374346,32948475,10064236
2021-07-24,996075282,1318097418,1077433582,247345715,31484740,8613703
2021-07-25,901078595,1143664631,931489420,217170334,35357672,10438554
2021-07-26,1104601461,1395883841,1137933383,229574238,22268640,8243776
2021-07-27,1200025982,1509201379,1243511675,249242476,23833435,8644265
2021-07-28,1098272117,1421243315,1199953148,242703247,22613960,8255018
2021-07-29,925051230,1222596717,1038341861,213258632,20440068,7424212
2021-07-30,1089210874,1429492574,1188695789,249011352,32532014,9998585
2021-07-31,992077995,1306968399,1064273670,245033796,31124947,8531229
2021-08-01,929562969,1162174054,928322019,215669403,35296493,10462101
2021-08-02,1163726003,1429796823,1142433241,229874648,22415052,8270254
2021-08-03,1099602761,1405217289,1165378760,235372998,22496858,8241800
2021-08-04,1014490910,1317996038,1111120219,227635647,21939919,7969674
2021-08-05,1183266402,1486836138,1192438781,238412156,22624041,8268455
2021-08-06,1123789126,1454966076,1188457389,248482234,32693126,10075184
2021-08-07,1023168750,1330655487,1063953023,244273446,31259971,8601776
2021-08-08,937102022,1163489029,922897207,214344327,34981873,10374138
2021-08-09,1158466889,1419095771,1126512868,226814596,22077789,8185801
2021-08-10,1152163780,1448734800,1153955268,230400250,22165278,8127158
2021-08-11,1239316555,1529192736,1207783675,242438173,23468074,8582508
2021-08-12,922430099,1222556073,1079635219,223728556,20876223,7529390
2021-08-13,1124310976,1447195408,1175306271,245995193,32316757,9951748
2021-08-14,1026254994,1327251334,1054849744,242313697,30981945,8525252
2021-08-15,918257907,1150393504,920825514,214094227,34696163,10222505
2021-08-16,1136372849,1406653084,1126678955,226942102,21913314,8067241
2021-08-17,1144436644,1456212922,1177147780,236145476,22724239,8311612
2021-08-18,1087256240,1376447371,1144221289,231999218,21717501,7825707
2021-08-19,994252927,1286392959,1078853551,219999879,20665847,7468386
2021-08-20,1105427587,1434007791,1173729365,245620143,31988213,9798798
2021-08-21,1000815095,1303951012,1044725907,240072195,30418809,8317896
2021-08-22,888156106,1126666478,899493061,209282134,34111499,10020107
2021-08-23,1119182234,1399477175,1117936970,225351643,21891144,8027006
2021-08-24,1122169761,1391130909,1116898371,225498814,21668266,7913415
2021-08-25,963581154,1317542324,1121966160,229444859,21912265,7796151
2021-08-26,1110369997,1428629371,1169814615,235606969,22185396,8061603
2021-08-27,1088967703,1430946360,1168693485,244817127,32086900,9797116
2021-08-28,986256408,1301886350,1040729482,239365322,30523680,8322325
2021-08-29,887534146,1131048356,908019542,210983492,34182429,9981589
2021-08-30,1102750207,1386609659,1113861270,224290081,21658417,7899728
2021-08-31,1073524952,1404594718,1173261527,236262309,22847203,8386720
2021-09-01,1050226168,1367980094,1131852756,229211401,21752246,7765855
2021-09-02,984899445,1268838952,1043379634,212218710,19559847,6884237
2021-09-03,1059500643,1398685205,1148743428,240386871,31322281,9505784
2021-09-04,959264154,1274005628,1023009418,234957207,29840786,8094183
2021-09-05,882596000,1128985611,903401532,207680879,34465491,10112002
2021-09-06,1094473166,1381770988,1106443186,220591221,21797888,7973691
2021-09-07,1105803550,1423526316,1160730116,231222838,22751376,8310939
2021-09-08,981761220,1296154177,1107202421,232741896,24601743,7328612
2021-09-09,939971651,1237055068,1045985917,223720547,24033775,7316602
2021-09-10,953954292,1280289944,1073942153,231867846,25988916,8134332
2021-09-11,1140530941,1523311775,1144420881,245550139,31400976,9852074
2021-09-12,1176644066,1477711956,1111135506,236132055,28767706,9511495
2021-09-13,995757488,1281349092,1033898044,214021381,23764487,8058873
2021-09-14,1086311897,1387631064,1094743618,225624727,23679738,8266706
2021-09-15,1019690092,1341898048,1109240441,228702785,23565404,8389777
2021-09-16,1022524205,1320194724,1076982141,221565332,22536407,8056495
2021-09-17,1061049556,1394056540,1127421211,239617249,34015335,10330733
2021-09-18,973546530,1285413795,1017173933,237618723,32798248,8895522
2021-09-19,913638722,1147075685,904510269,210969691,34736179,10314513
2021-09-20,1127294102,1396806968,1102079899,222610887,21855700,8110299
2021-09-21,966213410,1290722202,1092857235,224693815,21382226,7717677
2021-09-22,1184560987,1509563706,1182231413,237587430,23305825,8478169
2021-09-23,1125236532,1394728275,1138166533,230510962,21972794,8173620
2021-09-24,1099781301,1430198567,1153600582,242161742,32066451,9897434
2021-09-25,1010028343,1319955587,1041745797,240131640,30947061,8534390
2021-09-26,874311991,1109928139,894204779,207921453,33626185,9881268
2021-09-27,1077208490,1349215000,1087800905,219201343,21125848,7753012
2021-09-28,1026928352,1328498610,1111567736,225335431,21444813,7816550
2021-09-29,943979613,1300187077,1099526696,224943812,21142271,7530779
2021-09-30,1121460762,1377405926,1120043314,224281289,21144316,7695166
2021-10-01,1057005872,1390481457,1146226957,239996850,31204995,9532088
2021-10-02,952209012,1259013578,1015240493,233342872,29547912,8063445
2021-10-03,841787231,1067271700,864579940,200293585,32130218,9269637
2021-10-04,1062243660,1328758771,1077107969,216255066,20667544,7441534
2021-10-05,980875061,1340767027,1119103044,219968501,19716252,7062254
2021-10-06,1045379790,1276952964,1071940013,220202660,20955251,7378242
2021-10-07,1011088634,1310876348,1092912611,222456133,21402767,7577534
2021-10-08,1048300288,1376797497,1140896048,237989933,30685017,9206253
2021-10-09,938603587,1239008150,1004507557,230020447,28882443,7735954
2021-10-10,903942082,1113276058,877055141,204310931,33219627,9892927
2021-10-11,1142386175,1388200905,1094316255,220885063,21399812,7964435
2021-10-12,1064140700,1374278191,1119944800,224325964,20926556,7741383
2021-10-13,1062093928,1333334905,1095677412,225407297,21518295,7802095
2021-10-14,1124767062,1432771146,1147164310,235367898,26181080,8734846
2021-10-15,1149868884,1411196179,1140808380,236461143,27611747,9188668
2021-10-16,1013871334,1300251180,1025320442,236073490,30047696,8311817
2021-10-17,993324761,1247066473,1032594510,218691591,25834297,8496269
2021-10-18,1255804554,1474600970,1120149362,232856618,26589146,9361463
2021-10-19,1094787567,1334633282,1070732432,225871794,25954158,8898763
2021-10-20,1117562183,1416782405,1126406658,236638001,27226346,9274468
2021-10-21,1215551302,1472385256,1152513468,234717404,24106418,8689556
2021-10-22,1260462952,1519651225,1140567509,234219916,27144990,9528108
2021-10-23,1088887001,1363995128,1049792240,241989991,31190986,8767316
2021-10-24,1032944219,1308133919,1047280844,223007942,26610984,8997183
2021-10-25,1254652310,1475976044,1123310674,229450414,23856287,8842325
2021-10-26,1148059047,1406249169,1100144323,227712405,25310052,8847041
2021-10-27,1194455965,1446343851,1133358709,237317285,26877645,9279205
2021-10-28,1170929172,1407941274,1102658683,231300811,25908733,9126259
2021-10-29,1253627699,1517076443,1168440822,242960079,29864000,9998697
2021-10-30,1109626409,1382445055,1057089692,244054779,31565806,8920677
2021-10-31,998439597,1195619555,911250840,212597173,35116826,10687606
2021-11-01,1328437228,1581102607,1194458973,241556007,24194825,9197586
2021-11-02,1230470319,1477455584,1164448444,237797881,23896449,8787150
2021-11-03,1062861796,1348362424,1103419209,226704629,22377920,8211082
2021-11-04,1233604709,1503657005,1149417725,230654307,22189662,8245394
2021-11-05,1248815328,1519613997,1186681059,247734518,31243993,10214808
2021-11-06,1113426530,1388176631,1059084348,244181227,31575953,8930638
2021-11-07,1008330438,1203337148,914548194,213129082,35168236,10711055
2021-11-08,1295905428,1529987821,1159550712,234094220,23167868,8826454
2021-11-09,1271302266,1546992618,1175513789,237226811,23803084,8763657
2021-11-10,1192253386,1472184451,1166436958,237644453,23442217,8595362
2021-11-11,1152540645,1409986614,1135100819,231761083,22531509,8393952
2021-11-12,1259706728,1527661893,1189602749,248078014,31266619,10227077
2021-11-13,1125839969,1398859627,1064241571,245098310,31661034,8961833
2021-11-14,922869787,1104232552,836949029,194839139,32187134,9793130
2021-11-15,1136928726,1382303046,1100137904,224802645,22006916,8321890
2021-11-16,1219400410,1485453018,1142424257,231340744,22870917,8501443
2021-11-17,1258425503,1535397593,1166680766,234639687,23386977,8674025
2021-11-18,1226275924,1485205642,1159769192,235109218,23302424,8551317
2021-11-19,1240974342,1508869845,1171777535,244062800,30782399,10064171
2021-11-20,1108360541,1380757395,1047633613,240985273,31157512,8814410
2021-11-21,1029417423,1225264076,928697762,215675963,35558972,10830584
2021-11-22,1299594799,1549890898,1188020166,238925387,23502475,8822920
2021-11-23,1251743232,1511168141,1177498846,236888909,23293870,8720363
2021-11-24,1319171355,1584330523,1200524183,241848135,24027938,8888412
2021-11-25,1099384617,1367932895,1099817363,225800963,22316945,8220986
2021-11-26,1273729677,1540580804,1196384512,248644600,31309847,10241238
2021-11-27,1135567264,1407227301,1067700510,245051783,31631121,8952576
2021-11-28,939034797,1142098607,893727815,213534023,36620196,10436026
2021-11-29,1145910428,1397774441,1115880744,231572117,23725048,8388202
2021-11-30,1226062491,1498836967,1171278325,239209257,24786380,8618475
2021-12-01,1305904749,1564257516,1195339602,246441648,26899181,9508055
2021-12-02,1344772177,1591972598,1185216943,247259552,27956520,9836897
2021-12-03,1155807732,1418555827,1106777862,231879213,26719727,9494047
2021-12-04,1254391805,1526102968,1157920453,237138214,26898215,9434044
2021-12-05,1218461994,1463076745,1083203783,235785094,28291082,9641930
2021-12-06,1271047347,1508589482,1112599024,242805897,28576040,9652935
2021-12-07,1116086223,1371175245,1053723931,230704057,27283944,9332062
2021-12-08,1150827098,1417436751,1123105989,231491681,26802220,9027650
2021-12-09,1228594589,1471657798,1157998381,233185482,26716852,9187975
2021-12-10,1267089526,1522214967,1185410112,239340188,28036808,9474608
2021-12-11,1125287819,1396010589,1145642679,230418623,27310363,9299875
2021-12-12,1075502330,1297999023,1009813328,219748448,32723656,10345444
2021-12-13,1218893113,1469141950,1161527609,232076585,24296429,8902144
2021-12-14,1264345584,1517273853,1178411623,238049456,24885187,8987986
2021-12-15,1234318393,1507714533,1188669013,236361101,24958100,9037824
2021-12-16,1176901885,1452450495,1189554538,231246306,24150223,8699695
2021-12-17,1247941948,1513010946,1205941138,241533276,29596442,9884385
2021-12-18,1072998864,1350998137,1078784280,234083995,29263262,8748574
2021-12-19,988552717,1273714687,1086389960,216207245,23720898,8473036
2021-12-20,1119012755,1391315018,1122313892,221618710,23321882,8557633
2021-12-21,1178150583,1427709510,1131320913,226198455,23393465,8630433
2021-12-22,1221294220,1502377487,1167300202,229321287,24235269,8821681
2021-12-23,1190573196,1454076777,1160821998,229884059,24157987,8700896
2021-12-24,1207068351,1479917553,1175000968,239199673,31971364,10263628
2021-12-25,1076469783,1352291608,1049247061,236082029,32312504,8973913
2021-12-26,1001957174,1294641870,1071499640,218353899,24953018,8403070
2021-12-27,1060735755,1349272685,1099391516,225211194,25385972,8695388
2021-12-28,1242516133,1513846614,1173092297,235162580,26387070,9081816
2021-12-29,1251722411,1507103928,1169099207,234360637,26366714,9238754
2021-12-30,1061903342,1335172341,1095306817,225456823,25849409,9144617
2021-12-31,1102551896,1385592698,1108804915,226519230,27102359,9561053
2022-01-01,1208846085,1473489960,1154033166,233491549,28203396,9895050
2022-01-02,1210093248,1470899488,1133348302,228700644,26593641,9274182
2022-01-03,1085138119,1355784434,1099348903,224915494,26035144,9243498
2022-01-04,1079600069,1344823130,1107832709,224913405,26136047,9228266
2022-01-05,1208820661,1483354542,1171262503,234439569,26874597,9411220
2022-01-06,1279035665,1536498249,1179808439,234965022,26982088,9508818
2022-01-07,1068788059,1344902591,1087827227,223688633,26338470,9227877
2022-01-08,1074358125,1369083205,1095518517,225449997,26891170,9296451
2022-01-09,1200236115,1487027923,1160023448,228832228,27194150,9485407
2022-01-10,1265842594,1522769184,1182846999,234542756,26739099,9488015
2022-01-11,1088930290,1357638460,1099870466,228143578,26292734,9266855
2022-01-12,995237021,1276291602,1060642110,216486496,25251528,8893079
2022-01-13,1180780727,1456043036,1140925314,228364867,25888023,9080369
2022-01-14,1183527483,1443937879,1130651286,227680728,25953483,9108247
2022-01-15,1117390984,1384765476,1095748756,225268958,26496530,9110419
2022-01-16,986890784,1246388832,1006617171,208965334,26985418,9207551
2022-01-17,1207847003,1482040555,1175168287,228847158,25888095,9356460
2022-01-18,1153575658,1409319939,1094850576,219728254,22784260,8522129
2022-01-19,1170686139,1412694366,1084263475,229393099,26242514,9486568
2022-01-20,1131455248,1406803716,1126295806,220700792,23040619,8508698
2022-01-21,1093097225,1406247034,1114321365,213595505,23617836,8342077
2022-01-22,1031335870,1313825982,1024018938,225945935,29482262,8695639
2022-01-23,1137973826,1382230126,1094797747,226838329,27190098,9482223
2022-01-24,881744166,1139692809,974797993,203924748,23058436,7899257
2022-01-25,1131125622,1407853532,1108625189,221512980,23953642,8212854
2022-01-26,1212168061,1482119560,1143246515,223471110,23408225,8699830
2022-01-27,1151260112,1404876886,1125246677,223014786,23352367,8609862
2022-01-28,1160136566,1421210368,1132135840,230643573,30720482,10080515
2022-01-29,1148685071,1404490936,1090633394,218703152,24361792,8313639
2022-01-30,989008159,1236629042,1008153866,208235214,26649920,9056494
2022-01-31,1145594217,1400934265,1119175323,219548485,23389422,8640010
2022-02-01,1172621461,1418494125,1112201850,222143096,22776761,8498469
2022-02-02,1179780269,1437290235,1121038520,225318176,24176454,8879534
2022-02-03,1328779370,1481109001,1108148251,223734571,27737240,10072379
2022-02-04,1074364658,1355890149,1092530044,220687011,25885525,8432692
2022-02-05,913838180,1288485652,1089489246,224695960,25034260,7578094
2022-02-06,924315237,1212542517,1035462251,209555090,23822820,8153277
2022-02-07,1119639953,1403432748,1125171712,222497480,22075699,7922646
2022-02-08,1119223826,1399668914,1139310400,225737735,22497410,8078216
2022-02-09,1122807022,1415331595,1136868199,224828320,23411731,8404798
2022-02-10,1120844037,1374972679,1097061270,220058915,23983083,8730424
2022-02-11,1066314529,1368536434,1120283964,226882310,27416062,8709863
2022-02-12,936656233,1283361215,1064503758,228778337,27355733,7759997
